subject,n_sessions,WBIC_mean,WBIC_std,p_r_mean,p_r_std,i_temp_mean,i_temp_std,P_mean,P_std
WT1,1,21.650125265055944,,0.5159710438628683,,2.3552517463500355,,-0.9921538461107846,
WT2,1,13.771028414091246,,0.4798998772594959,,2.703991543576307,,-0.7868157445624165,
WT3,1,18.68114853501796,,0.5117346493144728,,2.33433384973502,,-0.4776073494102601,
WT4,1,23.65423445363795,,0.5042532819430906,,1.859715271278,,0.4224999087474748,
WT5,1,14.34245981402266,,0.5519344724692604,,2.680086479012386,,-1.3605485409342848,
WT6,1,31.95510370708437,,0.509060360243816,,1.4493744970209594,,0.31226532552121,
