subject,n_sessions,WBIC_mean,WBIC_std,p_r_mean,p_r_std,beta_mean,beta_std
WT1,1,7.877213669553585,,0.5184149683467019,,0.3329281736238718,
WT2,1,5.129940485356164,,0.4764374856222203,,0.3277524071076675,
WT3,1,6.295844274147939,,0.5257996118413574,,0.3302968737867277,
WT4,1,7.641641904696867,,0.5074953453786383,,0.3316469743053001,
WT5,1,5.5701480622241215,,0.5437233759650747,,0.3275279790428899,
WT6,1,9.840189221048556,,0.5104432686571304,,0.3308693155642136,
