subject,n_sessions,WBIC_mean,WBIC_std,p_r_mean,p_r_std,i_temp_mean,i_temp_std,P_mean,P_std
WT1,11,159.57713707165746,11.46669918637129,0.3704697409327151,0.03992115786929442,1.478422504849823,0.4705987851202124,1.5683834072668248,0.2973816526326679
WT2,17,207.314944310854,15.252558615487624,0.38345165952602206,0.045069829404129465,1.1803591221856973,0.31332492618508806,1.4212495513887489,0.47948135415024434
WT3,14,182.16820031596947,11.67815722229359,0.396184308628449,0.04517806579341077,1.3650793171917048,0.4048071321756307,1.3701746487691107,0.36673051217855535
WT4,15,203.5962607260699,21.62735432088897,0.34182045328441857,0.06273798408702816,1.4801658342673583,0.48958082376482237,1.5502406811093243,0.3394746996417563
WT5,16,176.55889291476566,25.749749329446338,0.4067409136570655,0.02906887037861943,1.2775464212137546,0.30459323303158803,1.4777116436502538,0.2726226369726289
WT6,16,164.89922065791941,14.951338775481027,0.4036548859285895,0.020437146770052216,1.1908394762184022,0.17640145845327856,2.426111299938783,0.38929649056903903
