subject,n_sessions,WBIC_mean,WBIC_std,p_r_mean,p_r_std,i_temp_mean,i_temp_std,P_mean,P_std
WT1,1,39.00638034074486,,0.5417869768359476,,1.9026464205212097,,-1.0188757759279714,
WT2,1,25.924491726657727,,0.4513578485435929,,2.008863329924583,,0.288824517278638,
WT3,1,43.2128509678903,,0.5341802321057844,,1.0715804689417645,,1.535521831000802,
WT4,1,34.77130375993738,,0.4454482477933,,2.2127465700685383,,-0.4060953973735735,
WT5,1,41.62146802572279,,0.5474273631388352,,2.141604975183568,,-0.268670137637132,
WT6,2,39.35377109107745,27.42275733284528,0.5348597180439991,0.009490490500026738,1.4340202613978805,0.09926122662668604,0.529824492636264,0.6232321424257851
