subject,n_sessions,WBIC_mean,WBIC_std,p_r_mean,p_r_std,i_temp_mean,i_temp_std,P_mean,P_std
WT1,5,99.70793901357645,32.127635251106376,0.47577433160893745,0.0372212469156248,1.7240338971975653,1.0502432268328847,0.019033268609382148,0.5778242499149725
WT2,11,105.60494889192809,53.127676744894494,0.4984215030001355,0.03722676735776956,1.2179548011647439,0.29133355675642236,0.03886391301179256,0.49119138444118454
WT3,11,89.88353090306606,42.80820132046084,0.49378856317657327,0.033543925550670727,1.6974437115077146,0.7865021610193363,0.3058510369126253,0.5509769667417869
WT4,6,103.19840786195566,41.46520011416028,0.5097903897528406,0.0327476141055168,2.1654510020960234,1.3079673848547764,0.27925056869370285,0.37857920800681394
WT5,9,87.9507907872304,39.66204596271929,0.5191171567643509,0.031139527293269756,2.080995745217641,1.9802531768659348,0.37250573210261195,0.9081775054050515
WT6,2,130.828808450996,20.870161143435787,0.46863149787588165,0.0002808380825845407,1.431421802961339,0.7011285276271043,1.2605757683797387,0.7813411915715829
