subject,n_sessions,WBIC_mean,WBIC_std,p_r_mean,p_r_std,i_temp_mean,i_temp_std,P_mean,P_std
WT1,1,14.99478237950566,,0.5059994690565603,,3.039115184748418,,1.1248518863052503,
WT2,1,17.94821575417673,,0.4934588211231189,,2.0158111333558963,,-0.5747749365624761,
WT3,1,23.449019851812537,,0.4970156848835043,,1.755315965968791,,0.6838763100386039,
WT4,1,15.809712078405294,,0.4838553714874284,,3.4452302012183758,,-1.3698740489614791,
WT5,1,19.92857390408049,,0.5248469881492445,,2.3927136006180603,,-1.3747062409057496,
WT6,1,18.383143267676736,,0.4978200546945558,,2.863262922260644,,-0.9568409103341954,
