subject,n_sessions,WBIC_mean,WBIC_std,p_r_mean,p_r_std,beta_mean,beta_std
WT1,11,56.02915190926031,3.0742508989953743,0.25838144032564697,0.06173043430496044,0.25418030260744506,0.03772495621250342
WT2,17,69.21523745861248,4.563933258862553,0.2659515573226328,0.07134278234736069,0.2640186219534706,0.04029111671792234
WT3,14,64.47952389851496,3.0532348733155192,0.35120878348599266,0.07308252436855195,0.31041768993418006,0.029435229201480378
WT4,15,68.05827301444135,6.071606333875694,0.2297480859597212,0.10641444174919534,0.24918980706513894,0.05920933850901612
WT5,16,61.76656213665217,7.322319814904685,0.3153121402358363,0.06829540743145493,0.2907802721741241,0.029985331865642256
WT6,16,64.10197211145145,6.635832161508469,0.2599592967114699,0.07770954078415145,0.26598149181187747,0.0425382402779821
