subject,n_sessions,WBIC_mean,WBIC_std,p_r_mean,p_r_std,beta_mean,beta_std
WT1,1,5.935806729368228,,0.5237378009796545,,0.3363782835811056,
WT2,1,5.861700456439328,,0.4866605950305533,,0.3315404175673755,
WT3,1,7.654904715357456,,0.4811586037881604,,0.3361087410838966,
WT4,1,6.872176803688438,,0.5069466300105164,,0.3320799351568469,
WT5,1,7.494836173462727,,0.5389906156302795,,0.3306130162847127,
WT6,1,7.031805725636106,,0.5041456664245823,,0.3288050922003511,
