Subject,Cross validation,alpha,forget,lambda,Wmf,Wmb,P,p_r
WT1,0.59758838240584,0.08962791218414345,0.2310684657108787,0.9431254439322173,1.8565009591874886,15.883172133609976,0.48043617324726856,0.3144464472511751
WT2,0.5878881402452697,0.01584016538428301,0.22507981683219758,0.99376318413067,9.85767473252225,12.669060497293918,0.2647265905512048,0.31845667236116804
WT3,0.567620660158029,0.019291863583392632,0.2121151087646379,0.9893010919285249,6.8170911712979665,5.8397237366073185,0.6104323220398691,0.2398141881682212
WT4,0.5998706308816704,0.041372159004017806,0.22487964007071304,0.9909248765274542,4.864687431279796,9.355701570583005,0.47952712504814693,0.2767487955455967
WT5,0.5728316523869219,0.04642145906347861,0.2726619540826706,0.9796620238569509,4.1894291979983995,11.634233567443179,0.5849945547037787,0.3488083026368478
WT6,0.6415593458250819,0.15682767680487597,0.2663093572009283,0.9756346371846898,2.934840048931268,10.913132703213943,1.257866807448307,0.3294090798142931
