Subject,Cross validation,alpha,forget,lambda,Wmf,Winf,P,p_r
WT1,0.5528199230603938,0.0351032636210723,0.2314988696524476,0.8808373318794256,4.420812557671902,7.887296216412967,0.653531214045175,0.3316479282175331
WT2,0.5258539758078857,0.06868650787602115,0.06393349620765998,0.1459221314513922,3.063229101312449,3.7304836325980144,0.15143979989083461,0.24983144095356113
WT3,0.5307221631080544,0.04080702564101801,0.08487616130063258,0.4570793853608174,4.818326004851679,3.9840668063495053,0.30468630783229633,0.34033406012307654
WT4,0.5255267150772969,0.02819376624581349,0.03951123729837425,0.4757076550446959,5.026921765680175,3.0156132648382163,0.31109293751662154,0.3779204513571619
WT5,0.5480823803210575,0.05420605645840315,0.12520169101998957,0.8207925599754368,3.9693075681529857,3.7433822747411813,0.16002300330718158,0.29137509401659345
WT6,0.571318611046067,0.08114606855996265,0.0688238567203443,0.7899874767689378,2.2326003642729866,6.854883646871074,1.126773817433611,0.34336504467964934
