Subject,Cross validation,alpha,forget,lambda,Wmf,Wmb,P,p_r
WT1,0.4902916850043727,0.009200437186599686,0.01966599531973512,0.9709554674694144,5.0032247817584885,2.5019174585662145,1.4059727833176223e-06,0.5051041629421046
WT2,0.5070844615066772,0.009858060327695317,0.06736986427995861,0.9875213140455351,6.605166935467048,4.29913483276433,2.0646822964829142e-05,0.6517475008370135
WT3,0.5140331429240023,0.008514725815679913,0.04302213258315235,0.9903405971006458,7.966754575699993,2.130463833012669,0.13480774419868385,0.668467964780206
WT4,0.5250298323679685,0.009332011967835951,0.062071624779607926,0.9925997401031585,9.238092670843166,3.8709137770720345,0.2451331609431548,0.6187044072867866
WT5,0.5322438681619905,0.009138558758555293,0.07912234430238418,0.9969317758666381,13.414974347570809,9.091796299648344,0.3669062832116661,0.6518229617753224
WT6,0.5294424234815075,0.015982241663646368,0.0034968041341782996,0.9739257446330352,8.164786847909236,2.9209649790615444,0.33759274976087705,0.38625286684072235
