Subject,Cross validation,p_r,beta
WT1,0.23339933909127053,0.0956455152405341,0.1547249032873339
WT2,0.27568845307360773,0.05307933849190738,0.2522685367651209
WT3,0.34036609749878644,0.001739522642689284,0.3379192204850439
WT4,0.26744068930046,0.0018157252537949198,0.2749311961824477
WT5,0.30128007421417147,0.05004742847007693,0.2827358018774128
WT6,0.28217608852778187,0.0016042352923431036,0.2832250704500505
