Subject,Cross validation,p_r,i_temp,P,alpha_c
WT1,0.5410614184556336,0.04358232516245164,0.9613872088932626,2.220406032632129,0.48048192267947687
WT2,0.5099845878837168,0.0013179838518074805,1.4220024266640936,1.148150171260775,0.5157375041916095
WT3,0.519200219231622,0.20442351907363387,0.16828998923482044,2.648621564144836,0.22280734879613373
WT4,0.5210563285562643,0.004727641696985363,0.2958527545988326,3.650363410114808,0.0894712371231593
WT5,0.5364817782289709,0.019302252478747062,0.2654521015499658,3.3578028352029152,0.1971006739010701
WT6,0.5509291695304995,0.006857244729864376,0.24337017376483916,2.383973847797235,0.6521099410420808
