Subject,Cross validation,p_r,i_temp
WT1,0.5110167964287357,0.022187801863276846,1.225065345416549
WT2,0.5058335651653516,0.007662691159993629,0.9083869598923919
WT3,0.5094906345745182,0.009089281791075043,1.1209861095264195
WT4,0.5172588990684248,0.006429052612875297,1.602942027023068
WT5,0.5061057854942178,0.009002151099508748,0.9626954785601786
WT6,0.5049905354156639,0.007586089291577891,0.8744043522742443
