Subject,Cross validation,p_r,i_temp,P,alpha_c
WT1,0.5117684483184989,0.40286933870159003,2.3116540745455345,2.5335568651445888,0.07875224825773064
WT2,0.5044549682477585,0.7110992409865311,2.3271832396788508,1.783452904025836,0.14499236402255833
WT3,0.5041799836356224,0.5150163294327014,2.481712080014197,2.0439295970580376,0.13647954611644897
WT4,0.5244875165347903,0.564295692338237,2.632048934071642,3.7452298607404826,0.13537292799097644
WT5,0.5449183260899948,0.7186722654649902,3.6705828979735657,4.268708719248321,0.1407040790025318
WT6,0.5293670313091734,0.4199074856218675,2.775045268212629,3.2112299679658256,0.2107907084149938
