Subject,Cross validation,p_r,i_temp,P
WT1,0.5472363511972136,0.01834402122197798,0.9548349800640282,1.5950062761873103
WT2,0.5350185987045311,0.006189433376789455,0.769744642515941,1.3977956364709854
WT3,0.5365844443272254,0.006841836359866904,0.8887031772105675,1.3776319340052992
WT4,0.5504951147059228,0.0056317019632067256,1.3635293063439955,1.5193400261261338
WT5,0.5385733518675503,0.0056048812759050826,0.7567569317352479,1.4674498587254674
WT6,0.5865786868987094,0.006742818858197941,0.7119313536764866,2.433413122611123
