Subject,Cross validation,p_r,i_temp,P
WT1,0.5357250530807607,0.0335470321809066,1.2019434287679398,1.2221456732330829
WT2,0.5047033422564048,0.0011808939341840796,1.5757478665564288,0.5615851465973949
WT3,0.5099068570424062,0.06931852454133147,0.16092534745293738,0.8467769434983458
WT4,0.506568794719723,0.0017981385454637344,0.12275292925942284,0.6984973683423481
WT5,0.5132548460361545,0.0020323557641358514,0.4658277500289492,0.8458615297590302
WT6,0.5459778578714799,0.0046099834671123885,0.31536655011778153,1.682642957788851
