Subject,Cross validation,p_r,beta
WT1,0.4667919078192205,0.49999893681835195,0.4999996603060011
WT2,0.508655623705666,0.6005356369151353,0.43822996968514955
WT3,0.48764977402187604,0.5000072165985373,0.499999129418118
WT4,0.555007418603755,0.6421586239675968,0.2169539445244804
WT5,0.5993833834040869,0.6868171054476669,0.10627289401650591
WT6,0.40231397379201156,0.5000004174511101,0.4999998397503897
