Subject,Cross validation,p_r,i_temp
WT1,0.5107145680299617,0.037170819901270025,1.4293704565683472
WT2,0.5007242005122554,0.0010541658683739241,1.6639627947179498
WT3,0.4988443054601487,0.05168303620963288,0.1753019191132942
WT4,0.4993489569705427,0.0011833575899095061,0.1322574285103792
WT5,0.49882948676643785,0.001979984756873554,0.5087644402600707
WT6,0.49964000392833796,0.007222497661504734,0.36356113482582525
