Subject,Cross validation,p_r,i_temp
WT1,0.4956624839983369,0.3977678716527634,0.11103400052166189
WT2,0.4994609785184086,0.6230554548757463,0.035629317424608384
WT3,0.4922425685617763,0.09708336461186884,0.2109330227150893
WT4,0.4918520009186676,0.5366260159604007,0.6719959868746329
WT5,0.4969834548175513,0.8228697041789738,0.17742727813339848
WT6,0.4858706320948205,0.20545535277368732,1.5866225748016174
