Subject,Cross validation,p_r,beta
WT1,0.34855580412036297,0.08932486621351132,0.32874987480422774
WT2,0.36333765290509173,0.2369053253101494,0.3514794383379039
WT3,0.35763034351533324,0.18050383207535592,0.34206588536614313
WT4,0.44294021630895253,0.08014232501944507,0.4404337547097063
WT5,0.3715780189155783,0.07055541860555092,0.33769434031902396
WT6,0.34875445336870947,0.009435203179324336,0.35446564374467154
