Subject,Cross validation,p_r,i_temp,P,alpha_c
WT1,0.5577480784262927,0.029370790372866273,0.6723053003781254,3.011353622826627,0.447649338513222
WT2,0.557851457669281,0.030144660474658136,0.46809538380989374,3.9856536007251964,0.2472894390917335
WT3,0.5500745979526851,0.01892550222826528,0.5213131337941452,3.4319959362682706,0.3044282257882276
WT4,0.5719316938222019,0.016072429788546616,0.8438071469721219,3.938884749328484,0.30274634620636043
WT5,0.5488760515528173,0.01154553796361213,0.4901327748968364,3.0254136515548886,0.40955203614841873
WT6,0.608285070765489,0.0109389406590088,0.4303286300727481,4.358320576180351,0.48412759549049145
