Subject,Cross validation,p_r,i_temp,P
WT1,0.49489617949922043,0.41819929513468557,0.11096487791363846,0.06496834015827578
WT2,0.49931156253606634,0.6232047232891482,0.0356376191379254,4.692614973864323e-07
WT3,0.4996433374046422,0.7836183565628597,0.1898672302247105,0.285838471299208
WT4,0.49696862556625343,0.8996763762595472,0.6619881544933403,0.5334994387331001
WT5,0.49922228381114275,0.8657981043484292,0.22129357221315926,0.540704976227965
WT6,0.5009953815056096,0.2642244171474468,1.4382089894409404,0.7163628662331173
